<?xml version="1.0" encoding="UTF-8"?>
<!-- This file was auto-generated from WSDL -->
<!--
		by the Apache Axis2 version: 1.5.1 Built on : Oct 19, 2009 (10:59:00
		EDT)
	-->
<serviceGroup>
    <service name="SampleService">
        <messageReceivers>
            <messageReceiver mep="http://www.w3.org/ns/wsdl/in-out" class="info.edek.tpr.sample.service.simple.SampleServiceMessageReceiverInOut"/>
        </messageReceivers>
        <parameter name="ServiceClass" locked="false">info.edek.tpr.sample.service.simple.SampleServiceSkeletonImpl</parameter>
        <parameter name="useOriginalwsdl">false</parameter>
        <parameter name="modifyUserWSDLPortAddress">true</parameter>
        <operation name="EchoMessage" mep="http://www.w3.org/ns/wsdl/in-out" namespace="http://edek.info/tpr/SampleService/">
            <actionMapping>http://edek.info/tpr/SampleService/EchoMessage
			</actionMapping>
            <outputActionMapping>http://edek.info/tpr/SampleService/SampleService/EchoMessageResponse
			</outputActionMapping>
        </operation>
    </service>
</serviceGroup>
