<axisconfig name="AxisJava2.0">
	<phaseOrder type="InFlow">
		<phase name="Transport" />
		<phase name="Security" />
		<phase name="PreDispatch" />
		<phase name="Dispatch" />
		<phase name="OperationInPhase" />
		<phase name="soapmonitorPhase" />
		<phase name="RMPhase" />
	</phaseOrder>
	<phaseOrder type="OutFlow">
		<phase name="RMPhase" />
		<phase name="soapmonitorPhase" />
		<phase name="OperationOutPhase" />
		<phase name="PolicyDetermination" />
		<phase name="MessageOut" />
		<phase name="Security" />
	</phaseOrder>
	<phaseOrder type="InFaultFlow">
		<phase name="PreDispatch" />
		<phase name="Dispatch" />
		<phase name="OperationInFaultPhase" />
		<phase name="soapmonitorPhase" />
		<phase name="RMPhase" />
	</phaseOrder>
	<phaseOrder type="OutFaultFlow">
		<phase name="RMPhase" />
		<phase name="soapmonitorPhase" />
		<phase name="OperationOutFaultPhase" />
		<phase name="PolicyDetermination" />
		<phase name="MessageOut" />
	</phaseOrder>
</axisconfig>