<?xml version="1.0" encoding="UTF-8"?>
<!-- This file was auto-generated from WSDL -->
<!-- by the Apache Axis2 version: 1.5.1  Built on : Oct 19, 2009 (10:59:00 EDT) -->
<serviceGroup>
    <service name="RobustTriggerActionSampleService">
        <messageReceivers>
            <messageReceiver mep="http://www.w3.org/ns/wsdl/robust-in-only" class="info.edek.tpr.sample.service.robustTriggerAction.RobustTriggerActionSampleServiceMessageReceiverRobustInOnly"/>
        </messageReceivers>
        <parameter name="ServiceClass">info.edek.tpr.sample.service.robustTriggerAction.RobustTriggerActionSampleServiceSkeletonImpl</parameter>
        <parameter name="useOriginalwsdl">false</parameter>
        <parameter name="modifyUserWSDLPortAddress">true</parameter>
        <operation name="RobustTriggerAction" mep="http://www.w3.org/ns/wsdl/robust-in-only" namespace="http://edek.info/tpr/RobustTriggerActionSampleService/">
            <actionMapping>http://edek.info/tpr/RobustTriggerActionSampleService/RobustTriggerAction</actionMapping>
            <outputActionMapping>urn:RobustTriggerActionResponse</outputActionMapping>
        </operation>
    </service>
</serviceGroup>
