<?xml version="1.0" encoding="UTF-8"?>
<!-- This file was auto-generated from WSDL -->
<!-- by the Apache Axis2 version: 1.5.1  Built on : Oct 19, 2009 (10:59:00 EDT) -->
<serviceGroup>
    <service name="TimeoutSampleService">
        <messageReceivers>
            <messageReceiver mep="http://www.w3.org/ns/wsdl/in-out" class="info.edek.tpr.sample.service.timeout.TimeoutSampleServiceMessageReceiverInOut"/>
        </messageReceivers>
        <parameter name="ServiceClass">info.edek.tpr.sample.service.timeout.TimeoutSampleServiceSkeletonImpl</parameter>
        <parameter name="useOriginalwsdl">false</parameter>
        <parameter name="modifyUserWSDLPortAddress">true</parameter>
        <operation name="TimeoutEchoMessage" mep="http://www.w3.org/ns/wsdl/in-out" namespace="http://edek.info/tpr/TimeoutSampleService/">
            <actionMapping>http://edek.info/tpr/TimeoutSampleService/TimeoutEchoMessage</actionMapping>
            <outputActionMapping>http://edek.info/tpr/TimeoutSampleService/TimeoutSampleService/TimeoutEchoMessageResponse</outputActionMapping>
        </operation>
    </service>
</serviceGroup>
