<?xml version="1.0" encoding="UTF-8"?>
<!-- This file was auto-generated from WSDL -->
<!-- by the Apache Axis2 version: 1.5.1  Built on : Oct 19, 2009 (10:59:00 EDT) -->
<serviceGroup>
    <service name="TriggerActionSampleService">
        <messageReceivers>
            <messageReceiver mep="http://www.w3.org/ns/wsdl/in-only" class="info.edek.tpr.sample.service.triggerAction.TriggerActionSampleServiceMessageReceiverInOnly"/>
        </messageReceivers>
        <parameter name="ServiceClass">info.edek.tpr.sample.service.triggerAction.TriggerActionSampleServiceSkeletonImpl</parameter>
        <parameter name="useOriginalwsdl">false</parameter>
        <parameter name="modifyUserWSDLPortAddress">true</parameter>
        <operation name="TriggerAction" mep="http://www.w3.org/ns/wsdl/in-only" namespace="http://edek.info/tpr/TriggerActionSampleService/">
            <actionMapping>http://edek.info/tpr/TriggerActionSampleService/TriggerAction</actionMapping>
        </operation>
    </service>
</serviceGroup>
